State,Abbreviation,Total_EV,D_Nominee,D_Percentage,D_Votes,R_Nominee,R_Percentage,R_Votes,I_Nominee,I_Percentage,I_Votes,Year
Minnesota,MN,10,AL GORE,47.9,1168266,GEORGE W. BUSH,45.5,1109659,RALPH NADER,5.2,126696,2000
Wisconsin,WI,11,AL GORE,47.8,1242987,GEORGE W. BUSH,47.6,1237279,RALPH NADER,3.6,94070,2000
Michigan,MI,18,AL GORE,51.3,2170418,GEORGE W. BUSH,46.1,1953139,RALPH NADER,2,84165,2000
Illinois,IL,22,AL GORE,54.6,2589026,GEORGE W. BUSH,42.6,2019421,RALPH NADER,2.2,103759,2000
Iowa,IA,7,AL GORE,48.5,638517,GEORGE W. BUSH,48.2,634373,RALPH NADER,2.2,29374,2000
Maine,ME,4,AL GORE,49.1,319951,GEORGE W. BUSH,44,286616,RALPH NADER,5.7,37127,2000
Vermont,VT,3,AL GORE,50.6,149022,GEORGE W. BUSH,40.7,119775,RALPH NADER,6.9,20374,2000
New York,NY,33,AL GORE,60.2,4107697,GEORGE W. BUSH,35.2,2403374,RALPH NADER,3.6,244030,2000
Rhode Island,RI,4,AL GORE,61,249508,GEORGE W. BUSH,31.9,130555,RALPH NADER,6.1,25052,2000
Massachusetts,MA,12,AL GORE,59.8,1616487,GEORGE W. BUSH,32.5,878502,RALPH NADER,6.4,173564,2000
Pennsylvania,PA,23,AL GORE,50.6,2485967,GEORGE W. BUSH,46.4,2281127,RALPH NADER,2.1,103392,2000
New Jersey,NJ,15,AL GORE,56.1,1788850,GEORGE W. BUSH,40.3,1284173,RALPH NADER,3,94554,2000
Connecticut,CT,8,AL GORE,55.9,816015,GEORGE W. BUSH,38.4,561094,RALPH NADER,4.4,64452,2000
Dist. of Col.,DC,2,AL GORE,85.2,171923,GEORGE W. BUSH,9,18073,RALPH NADER,5.2,10576,2000
Delaware,DE,3,AL GORE,55,180068,GEORGE W. BUSH,41.9,137288,RALPH NADER,2.5,8307,2000
Maryland,MD,10,AL GORE,56.5,1140782,GEORGE W. BUSH,40.3,813797,RALPH NADER,2.7,53768,2000
Washington,WA,11,AL GORE,50.2,1247652,GEORGE W. BUSH,44.6,1108864,RALPH NADER,4.1,103002,2000
Oregon,OR,7,AL GORE,47,720342,GEORGE W. BUSH,46.5,713577,RALPH NADER,5,77357,2000
California,CA,54,AL GORE,53.4,5861203,GEORGE W. BUSH,41.7,4567429,RALPH NADER,3.8,418707,2000
New Mexico,NM,5,AL GORE,47.9,286783,GEORGE W. BUSH,47.8,286417,RALPH NADER,3.6,21251,2000
Hawaii,HI,4,AL GORE,55.8,205286,GEORGE W. BUSH,37.5,137845,RALPH NADER,5.9,21623,2000
Ohio,OH,21,AL GORE,46.4,2183628,GEORGE W. BUSH,50,2350363,RALPH NADER,2.5,117799,2000
Missouri,MO,11,AL GORE,47.1,1111138,GEORGE W. BUSH,50.4,1189924,RALPH NADER,1.6,38515,2000
North Dakota,ND,3,AL GORE,33.1,95284,GEORGE W. BUSH,60.7,174852,RALPH NADER,3.3,9486,2000
South Dakota,SD,3,AL GORE,37.6,118804,GEORGE W. BUSH,60.3,190700,RALPH NADER,0,,2000
Indiana,IN,12,AL GORE,41,901980,GEORGE W. BUSH,56.6,1245836,RALPH NADER,0.8,18531,2000
Nebraska,NE,5,AL GORE,33.3,231780,GEORGE W. BUSH,62.2,433862,RALPH NADER,3.5,24540,2000
Kansas,KS,6,AL GORE,37.2,399276,GEORGE W. BUSH,58,622332,RALPH NADER,3.4,36086,2000
New Hampshire,NH,4,AL GORE,46.8,266348,GEORGE W. BUSH,48.1,273559,RALPH NADER,3.9,22198,2000
Kentucky,KY,8,AL GORE,41.4,638898,GEORGE W. BUSH,56.5,872492,RALPH NADER,1.5,23192,2000
West Virginia,WV,5,AL GORE,45.6,295497,GEORGE W. BUSH,51.9,336475,RALPH NADER,1.6,10680,2000
Arkansas,AR,6,AL GORE,45.9,422768,GEORGE W. BUSH,51.3,472940,RALPH NADER,1.5,13421,2000
Tennessee,TN,11,AL GORE,47.3,981720,GEORGE W. BUSH,51.1,1061949,RALPH NADER,1,19781,2000
Louisiana,LA,9,AL GORE,44.9,792344,GEORGE W. BUSH,52.6,927871,RALPH NADER,1.2,20473,2000
Florida,FL,25,AL GORE,48.8,2912253,GEORGE W. BUSH,48.8,2912790,RALPH NADER,1.6,97488,2000
Virginia,VA,13,AL GORE,44.4,1217290,GEORGE W. BUSH,52.5,1437490,RALPH NADER,2.2,59398,2000
North Carolina,NC,14,AL GORE,43.2,1257692,GEORGE W. BUSH,56,1631163,RALPH NADER,0,,2000
South Carolina,SC,8,AL GORE,40.9,565561,GEORGE W. BUSH,56.8,785937,RALPH NADER,1.5,20200,2000
Oklahoma,OK,8,AL GORE,38.4,474276,GEORGE W. BUSH,60.3,744337,RALPH NADER,0,,2000
Mississippi,MS,7,AL GORE,40.7,404614,GEORGE W. BUSH,57.6,572844,RALPH NADER,0.8,8122,2000
Alabama,AL,9,AL GORE,41.6,692611,GEORGE W. BUSH,56.5,941173,RALPH NADER,1.1,18323,2000
Georgia,GA,13,AL GORE,43,1116230,GEORGE W. BUSH,54.7,1419720,RALPH NADER,0.5,13273,2000
Texas,TX,32,AL GORE,38,2433746,GEORGE W. BUSH,59.3,3799639,RALPH NADER,2.2,137994,2000
Nevada,NV,4,AL GORE,46,279978,GEORGE W. BUSH,49.5,301575,RALPH NADER,2.5,15008,2000
Arizona,AZ,8,AL GORE,44.7,685341,GEORGE W. BUSH,51,781652,RALPH NADER,3,45645,2000
Alaska,AK,3,AL GORE,27.7,79004,GEORGE W. BUSH,58.6,167398,RALPH NADER,10.1,28747,2000
Montana,MT,3,AL GORE,33.4,137126,GEORGE W. BUSH,58.4,240178,RALPH NADER,5.9,24437,2000
Idaho,ID,4,AL GORE,27.6,138637,GEORGE W. BUSH,67.2,336937,RALPH NADER,2.5,12292,2000
Wyoming,WY,3,AL GORE,27.7,60481,GEORGE W. BUSH,67.8,147947,RALPH NADER,2.1,4625,2000
Colorado,CO,8,AL GORE,42.4,738227,GEORGE W. BUSH,50.8,883748,RALPH NADER,5.3,91434,2000
Utah,UT,5,AL GORE,26.3,203053,GEORGE W. BUSH,66.8,515096,RALPH NADER,4.7,35850,2000